{
  "main": {
    "id": "4e07abc41b761fd3",
    "type": "split",
    "children": [
      {
        "id": "844833fb038cbf50",
        "type": "tabs",
        "children": [
          {
            "id": "d140d4fc11cfcd84",
            "type": "leaf",
            "state": {
              "type": "markdown",
              "state": {
                "file": "Version3 - Unknown A.md",
                "mode": "source",
                "source": false
              },
              "icon": "lucide-file",
              "title": "Version3 - Unknown A"
            }
          },
          {
            "id": "34696fbaa712a75e",
            "type": "leaf",
            "state": {
              "type": "markdown",
              "state": {
                "file": "Version3 - Unknown G.md",
                "mode": "source",
                "source": false
              },
              "icon": "lucide-file",
              "title": "Version3 - Unknown G"
            }
          },
          {
            "id": "5c2a5fe0d4a7192e",
            "type": "leaf",
            "state": {
              "type": "markdown",
              "state": {
                "file": "Freaking Computer - Unknown G.md",
                "mode": "source",
                "source": false
              },
              "icon": "lucide-file",
              "title": "Freaking Computer - Unknown G"
            }
          },
          {
            "id": "589323cc4c32e841",
            "type": "leaf",
            "state": {
              "type": "markdown",
              "state": {
                "file": "Crabs on Security - Unknown G.md",
                "mode": "source",
                "source": false
              },
              "icon": "lucide-file",
              "title": "Crabs on Security - Unknown G"
            }
          },
          {
            "id": "9b014b216474773b",
            "type": "leaf",
            "state": {
              "type": "markdown",
              "state": {
                "file": "Version3 - Unknown H.md",
                "mode": "source",
                "source": false
              },
              "icon": "lucide-file",
              "title": "Version3 - Unknown H"
            }
          },
          {
            "id": "c7f487fd9641b93f",
            "type": "leaf",
            "state": {
              "type": "markdown",
              "state": {
                "file": "Freaking Computer - Unknown H.md",
                "mode": "source",
                "source": false
              },
              "icon": "lucide-file",
              "title": "Freaking Computer - Unknown H"
            }
          },
          {
            "id": "fd8c990382d14365",
            "type": "leaf",
            "state": {
              "type": "markdown",
              "state": {
                "file": "Crabs on Security - Unknown H.md",
                "mode": "source",
                "source": false
              },
              "icon": "lucide-file",
              "title": "Crabs on Security - Unknown H"
            }
          },
          {
            "id": "2336a9778d0d19e8",
            "type": "leaf",
            "state": {
              "type": "markdown",
              "state": {
                "file": "Version3 - Unknown Actor I.md",
                "mode": "source",
                "source": false
              },
              "icon": "lucide-file",
              "title": "Version3 - Unknown Actor I"
            }
          },
          {
            "id": "ec3e81b298332478",
            "type": "leaf",
            "state": {
              "type": "markdown",
              "state": {
                "file": "Freaking Computer - Unknown I.md",
                "mode": "source",
                "source": false
              },
              "icon": "lucide-file",
              "title": "Freaking Computer - Unknown I"
            }
          },
          {
            "id": "48be75f92b5ac831",
            "type": "leaf",
            "state": {
              "type": "markdown",
              "state": {
                "file": "Crabs on Security - Unknown I.md",
                "mode": "source",
                "source": false
              },
              "icon": "lucide-file",
              "title": "Crabs on Security - Unknown I"
            }
          },
          {
            "id": "aebd9eb08b758cfa",
            "type": "leaf",
            "state": {
              "type": "markdown",
              "state": {
                "file": "Version3 - Unknown J.md",
                "mode": "source",
                "source": false
              },
              "icon": "lucide-file",
              "title": "Version3 - Unknown J"
            }
          },
          {
            "id": "43d2ff2c39a4367e",
            "type": "leaf",
            "state": {
              "type": "markdown",
              "state": {
                "file": "Freaking Computer - Unknown J.md",
                "mode": "source",
                "source": false
              },
              "icon": "lucide-file",
              "title": "Freaking Computer - Unknown J"
            }
          },
          {
            "id": "b90c91366d195192",
            "type": "leaf",
            "state": {
              "type": "markdown",
              "state": {
                "file": "Crabs on Security - Unknown J.md",
                "mode": "source",
                "source": false
              },
              "icon": "lucide-file",
              "title": "Crabs on Security - Unknown J"
            }
          },
          {
            "id": "437c61d5240bc8b1",
            "type": "leaf",
            "state": {
              "type": "markdown",
              "state": {
                "file": "Version3 - Unknown K.md",
                "mode": "source",
                "source": false
              },
              "icon": "lucide-file",
              "title": "Version3 - Unknown K"
            }
          },
          {
            "id": "03e8c1a847d8328a",
            "type": "leaf",
            "state": {
              "type": "markdown",
              "state": {
                "file": "Freaking Computer - Unknown K.md",
                "mode": "source",
                "source": false
              },
              "icon": "lucide-file",
              "title": "Freaking Computer - Unknown K"
            }
          },
          {
            "id": "50e8f45ed4ce7e9f",
            "type": "leaf",
            "state": {
              "type": "markdown",
              "state": {
                "file": "Crabs on Security - Unknown K.md",
                "mode": "source",
                "source": false
              },
              "icon": "lucide-file",
              "title": "Crabs on Security - Unknown K"
            }
          },
          {
            "id": "798e85decdf753d8",
            "type": "leaf",
            "state": {
              "type": "markdown",
              "state": {
                "file": "Version3 - Unknown L.md",
                "mode": "source",
                "source": false
              },
              "icon": "lucide-file",
              "title": "Version3 - Unknown L"
            }
          },
          {
            "id": "899c0a92b6ee47fa",
            "type": "leaf",
            "state": {
              "type": "markdown",
              "state": {
                "file": "Freaking Computer - Unknown L.md",
                "mode": "source",
                "source": false
              },
              "icon": "lucide-file",
              "title": "Freaking Computer - Unknown L"
            }
          },
          {
            "id": "188be115a460007c",
            "type": "leaf",
            "state": {
              "type": "markdown",
              "state": {
                "file": "Threat Actors/APT-Botnetflix.md",
                "mode": "source",
                "source": false
              },
              "icon": "lucide-file",
              "title": "APT-Botnetflix"
            }
          }
        ],
        "currentTab": 18
      },
      {
        "id": "d25c1efc355aa3ae",
        "type": "tabs",
        "children": [
          {
            "id": "a9297d89930fcd1f",
            "type": "leaf",
            "state": {
              "type": "graph",
              "state": {},
              "icon": "lucide-git-fork",
              "title": "Graph view"
            }
          }
        ]
      }
    ],
    "direction": "vertical"
  },
  "left": {
    "id": "1fdf63d8eccd6e59",
    "type": "split",
    "children": [
      {
        "id": "ab353b50e42eff43",
        "type": "tabs",
        "children": [
          {
            "id": "b43ca0ab8de54280",
            "type": "leaf",
            "state": {
              "type": "file-explorer",
              "state": {
                "sortOrder": "alphabetical",
                "autoReveal": false
              },
              "icon": "lucide-folder-closed",
              "title": "Files"
            }
          },
          {
            "id": "e91335ba9c562855",
            "type": "leaf",
            "state": {
              "type": "search",
              "state": {
                "query": "",
                "matchingCase": false,
                "explainSearch": false,
                "collapseAll": false,
                "extraContext": false,
                "sortOrder": "alphabetical"
              },
              "icon": "lucide-search",
              "title": "Search"
            }
          },
          {
            "id": "9e4222ac373d9cac",
            "type": "leaf",
            "state": {
              "type": "bookmarks",
              "state": {},
              "icon": "lucide-bookmark",
              "title": "Bookmarks"
            }
          }
        ]
      }
    ],
    "direction": "horizontal",
    "width": 300
  },
  "right": {
    "id": "77e5a8a67f819271",
    "type": "split",
    "children": [
      {
        "id": "2c1bc3906979bead",
        "type": "tabs",
        "children": [
          {
            "id": "42afdd3704c7fdea",
            "type": "leaf",
            "state": {
              "type": "backlink",
              "state": {
                "collapseAll": false,
                "extraContext": false,
                "sortOrder": "alphabetical",
                "showSearch": false,
                "searchQuery": "",
                "backlinkCollapsed": false,
                "unlinkedCollapsed": true
              },
              "icon": "links-coming-in",
              "title": "Backlinks"
            }
          },
          {
            "id": "a61ac9d6b4a1b7d1",
            "type": "leaf",
            "state": {
              "type": "outgoing-link",
              "state": {
                "linksCollapsed": false,
                "unlinkedCollapsed": true
              },
              "icon": "links-going-out",
              "title": "Outgoing links"
            }
          },
          {
            "id": "70f0b275206eec34",
            "type": "leaf",
            "state": {
              "type": "tag",
              "state": {
                "sortOrder": "frequency",
                "useHierarchy": true,
                "showSearch": false,
                "searchQuery": ""
              },
              "icon": "lucide-tags",
              "title": "Tags"
            }
          },
          {
            "id": "01b18e81bca253c1",
            "type": "leaf",
            "state": {
              "type": "outline",
              "state": {
                "file": "Welcome.md",
                "followCursor": false,
                "showSearch": false,
                "searchQuery": ""
              },
              "icon": "lucide-list",
              "title": "Outline of Welcome"
            }
          }
        ]
      }
    ],
    "direction": "horizontal",
    "width": 300,
    "collapsed": true
  },
  "left-ribbon": {
    "hiddenItems": {
      "switcher:Open quick switcher": false,
      "graph:Open graph view": false,
      "canvas:Create new canvas": false,
      "daily-notes:Open today's daily note": false,
      "templates:Insert template": false,
      "command-palette:Open command palette": false,
      "bases:Create new base": false
    }
  },
  "active": "188be115a460007c",
  "lastOpenFiles": [
    "Freaking Computer - Unknown H.md",
    "Threat Actors/APT-Botnetflix.md",
    "Threat Actors/APT-ClickBaitAndSwitch.md",
    "Threat Actors/APT-DataMineshaft.md",
    "Threat Actors/APT-GRUinYourDay.md",
    "Threat Actors/APT-KoalifiedThreat.md",
    "Threat Actors/APT-NordicSteel.md",
    "Threat Actors/APT-PhishAndChips.md",
    "Threat Actors/APT-RedHerring.md",
    "Threat Actors/APT-TrojanHorsepower.md",
    "Crabs on Security - Unknown L.md",
    "Freaking Computer - Unknown L.md",
    "Version3 - Unknown L.md",
    "Crabs on Security - Unknown K.md",
    "Freaking Computer - Unknown K.md",
    "Version3 - Unknown K.md",
    "Crabs on Security - Unknown J.md",
    "Freaking Computer - Unknown J.md",
    "Version3 - Unknown J.md",
    "Crabs on Security - Unknown I.md",
    "Freaking Computer - Unknown I.md",
    "Version3 - Unknown Actor I.md",
    "Crabs on Security - Unknown H.md",
    "Version3 - Unknown H.md",
    "Crabs on Security - Unknown G.md",
    "Freaking Computer - Unknown G.md"
  ]
}