{
  "main": {
    "id": "e6f1623af710172c",
    "type": "split",
    "children": [
      {
        "id": "aef4260d3d07f123",
        "type": "tabs",
        "children": [
          {
            "id": "d0882ca5c74c9ade",
            "type": "leaf",
            "state": {
              "type": "markdown",
              "state": {
                "file": "Threat Actors/APT-Botnetflix.md",
                "mode": "source",
                "source": false
              },
              "icon": "lucide-file",
              "title": "APT-Botnetflix"
            }
          },
          {
            "id": "f439ec57ffabd958",
            "type": "leaf",
            "state": {
              "type": "markdown",
              "state": {
                "file": "Threat Actors/APT-PhishAndChips.md",
                "mode": "source",
                "source": false
              },
              "icon": "lucide-file",
              "title": "APT-PhishAndChips"
            }
          },
          {
            "id": "4e07c903db7b6323",
            "type": "leaf",
            "state": {
              "type": "markdown",
              "state": {
                "file": "Threat Actors/APT-TrojanHorsepower.md",
                "mode": "source",
                "source": false
              },
              "icon": "lucide-file",
              "title": "APT-TrojanHorsepower"
            }
          },
          {
            "id": "c99fcd81545d1c7e",
            "type": "leaf",
            "state": {
              "type": "markdown",
              "state": {
                "file": "Threat Actors/APT-ClickBaitAndSwitch.md",
                "mode": "source",
                "source": false
              },
              "icon": "lucide-file",
              "title": "APT-ClickBaitAndSwitch"
            }
          },
          {
            "id": "cc595af5d9431b3e",
            "type": "leaf",
            "state": {
              "type": "markdown",
              "state": {
                "file": "Threat Actors/APT-JSON Bourne Identity.md",
                "mode": "source",
                "source": false
              },
              "icon": "lucide-file",
              "title": "APT-JSON Bourne Identity"
            }
          },
          {
            "id": "7e0b6a5ee99723dc",
            "type": "leaf",
            "state": {
              "type": "markdown",
              "state": {
                "file": "Threat Actors/APT-RedHerring.md",
                "mode": "source",
                "source": false
              },
              "icon": "lucide-file",
              "title": "APT-RedHerring"
            }
          },
          {
            "id": "bf4d1823128f5fc1",
            "type": "leaf",
            "state": {
              "type": "markdown",
              "state": {
                "file": "Threat Actors/APT-GRUinYourDay.md",
                "mode": "source",
                "source": false
              },
              "icon": "lucide-file",
              "title": "APT-GRUinYourDay"
            }
          },
          {
            "id": "12caef5576e79913",
            "type": "leaf",
            "state": {
              "type": "markdown",
              "state": {
                "file": "Threat Actors/APT-L33tUnicorns.md",
                "mode": "source",
                "source": false
              },
              "icon": "lucide-file",
              "title": "APT-L33tUnicorns"
            }
          },
          {
            "id": "79c44ad8a856cf6b",
            "type": "leaf",
            "state": {
              "type": "markdown",
              "state": {
                "file": "Threat Actors/APT-SilkRoadRunners.md",
                "mode": "source",
                "source": false
              },
              "icon": "lucide-file",
              "title": "APT-SilkRoadRunners"
            }
          },
          {
            "id": "e3a67dbc325b21bc",
            "type": "leaf",
            "state": {
              "type": "markdown",
              "state": {
                "file": "Threat Actors/APT-KoalifiedThreat.md",
                "mode": "source",
                "source": false
              },
              "icon": "lucide-file",
              "title": "APT-KoalifiedThreat"
            }
          },
          {
            "id": "2050c25c9372ff17",
            "type": "leaf",
            "state": {
              "type": "markdown",
              "state": {
                "file": "Threat Actors/APT-NordicSteel.md",
                "mode": "source",
                "source": false
              },
              "icon": "lucide-file",
              "title": "APT-NordicSteel"
            }
          },
          {
            "id": "a61dae4643b6cad6",
            "type": "leaf",
            "state": {
              "type": "markdown",
              "state": {
                "file": "Threat Actors/APT-Botnetflix.md",
                "mode": "source",
                "source": false
              },
              "icon": "lucide-file",
              "title": "APT-Botnetflix"
            }
          },
          {
            "id": "fca478ada862980d",
            "type": "leaf",
            "state": {
              "type": "markdown",
              "state": {
                "file": "Articles/Version3 - Unknown 2.md",
                "mode": "source",
                "source": false
              },
              "icon": "lucide-file",
              "title": "Version3 - Unknown 2"
            }
          },
          {
            "id": "340ce2a7551bd19d",
            "type": "leaf",
            "state": {
              "type": "markdown",
              "state": {
                "file": "Articles/Freaking Computer - Unknown 2.md",
                "mode": "source",
                "source": false
              },
              "icon": "lucide-file",
              "title": "Freaking Computer - Unknown 2"
            }
          },
          {
            "id": "0fac663f4190c1b1",
            "type": "leaf",
            "state": {
              "type": "markdown",
              "state": {
                "file": "Articles/Version3 - Unknown 2.md",
                "mode": "source",
                "source": false
              },
              "icon": "lucide-file",
              "title": "Version3 - Unknown 2"
            }
          },
          {
            "id": "1ae57a72a8cc39a2",
            "type": "leaf",
            "state": {
              "type": "markdown",
              "state": {
                "file": "Threat Actors/APT-PhishAndChips.md",
                "mode": "source",
                "source": false
              },
              "icon": "lucide-file",
              "title": "APT-PhishAndChips"
            }
          }
        ],
        "currentTab": 15
      },
      {
        "id": "dce7c75450df5743",
        "type": "tabs",
        "children": [
          {
            "id": "f9e368b3cb318912",
            "type": "leaf",
            "state": {
              "type": "graph",
              "state": {},
              "icon": "lucide-git-fork",
              "title": "Graph view"
            }
          }
        ]
      }
    ],
    "direction": "vertical"
  },
  "left": {
    "id": "f065557af39755bb",
    "type": "split",
    "children": [
      {
        "id": "1d638ad036168ed4",
        "type": "tabs",
        "children": [
          {
            "id": "0b018140180f922c",
            "type": "leaf",
            "state": {
              "type": "file-explorer",
              "state": {
                "sortOrder": "alphabetical",
                "autoReveal": false
              },
              "icon": "lucide-folder-closed",
              "title": "Files"
            }
          },
          {
            "id": "a751f15aa51c2e9f",
            "type": "leaf",
            "state": {
              "type": "search",
              "state": {
                "query": "",
                "matchingCase": false,
                "explainSearch": false,
                "collapseAll": false,
                "extraContext": false,
                "sortOrder": "alphabetical"
              },
              "icon": "lucide-search",
              "title": "Search"
            }
          },
          {
            "id": "83aa2de9db7a6b7c",
            "type": "leaf",
            "state": {
              "type": "bookmarks",
              "state": {},
              "icon": "lucide-bookmark",
              "title": "Bookmarks"
            }
          }
        ]
      }
    ],
    "direction": "horizontal",
    "width": 300
  },
  "right": {
    "id": "253e1fe0263d2882",
    "type": "split",
    "children": [
      {
        "id": "88ae13ae548d6379",
        "type": "tabs",
        "children": [
          {
            "id": "f7a3c41d48411461",
            "type": "leaf",
            "state": {
              "type": "backlink",
              "state": {
                "file": "Threat Actors/APT-PhishAndChips.md",
                "collapseAll": false,
                "extraContext": false,
                "sortOrder": "alphabetical",
                "showSearch": false,
                "searchQuery": "",
                "backlinkCollapsed": false,
                "unlinkedCollapsed": true
              },
              "icon": "links-coming-in",
              "title": "Backlinks for APT-PhishAndChips"
            }
          },
          {
            "id": "8f04b9353f3eb7f9",
            "type": "leaf",
            "state": {
              "type": "outgoing-link",
              "state": {
                "file": "Threat Actors/APT-PhishAndChips.md",
                "linksCollapsed": false,
                "unlinkedCollapsed": true
              },
              "icon": "links-going-out",
              "title": "Outgoing links from APT-PhishAndChips"
            }
          },
          {
            "id": "813ea3dd8fd64f55",
            "type": "leaf",
            "state": {
              "type": "tag",
              "state": {
                "sortOrder": "frequency",
                "useHierarchy": true,
                "showSearch": false,
                "searchQuery": ""
              },
              "icon": "lucide-tags",
              "title": "Tags"
            }
          },
          {
            "id": "024a334efec562f9",
            "type": "leaf",
            "state": {
              "type": "outline",
              "state": {
                "file": "Threat Actors/APT-PhishAndChips.md",
                "followCursor": false,
                "showSearch": false,
                "searchQuery": ""
              },
              "icon": "lucide-list",
              "title": "Outline of APT-PhishAndChips"
            }
          }
        ]
      }
    ],
    "direction": "horizontal",
    "width": 300,
    "collapsed": true
  },
  "left-ribbon": {
    "hiddenItems": {
      "switcher:Open quick switcher": false,
      "graph:Open graph view": false,
      "canvas:Create new canvas": false,
      "daily-notes:Open today's daily note": false,
      "templates:Insert template": false,
      "command-palette:Open command palette": false,
      "bases:Create new base": false
    }
  },
  "active": "1ae57a72a8cc39a2",
  "lastOpenFiles": [
    "Threat Actors/APT-Botnetflix.md",
    "Articles/Crabs on Security - Unknown 2.md",
    "Articles/Version3 - Unknown 2.md",
    "Version3 Security News - Unknown.md",
    "Freaking Computer - Unknown.md",
    "Articles/Freaking Computer - Unknown 2.md",
    "Crabs on Security - Unknown.md",
    "T1553.002.md",
    "government.md",
    "e3f6b4c8a19d77f0afee3b21cd7b89d4.md",
    "Threat Actors/APT-PhishAndChips.md",
    "Threat Actors/APT-TrojanHorsepower.md",
    "Threat Actors/APT-NordicSteel.md",
    "Articles",
    "Threat Actors/APT-KoalifiedThreat.md",
    "Threat Actors/APT-L33tUnicorns.md",
    "Threat Actors/APT-SilkRoadRunners.md",
    "Threat Actors/APT-DataMineshaft.md",
    "Threat Actors/APT-GRUinYourDay.md",
    "Threat Actors/APT-RedHerring.md",
    "Threat Actors/APT-JSON Bourne Identity.md",
    "Threat Actors/APT-ClickBaitAndSwitch.md",
    "Welcome.md",
    "Threat Actors"
  ]
}