{
  "main": {
    "id": "a51c6dde56771368",
    "type": "split",
    "children": [
      {
        "id": "4cad1bd349b5f40a",
        "type": "tabs",
        "children": [
          {
            "id": "8052482e4db4a37b",
            "type": "leaf",
            "state": {
              "type": "markdown",
              "state": {
                "file": "Version3 - Unknown.md",
                "mode": "source",
                "source": false
              },
              "icon": "lucide-file",
              "title": "Version3 - Unknown"
            }
          },
          {
            "id": "1f8700a0a79c2b73",
            "type": "leaf",
            "state": {
              "type": "markdown",
              "state": {
                "file": "Freaking Computer - Unknown.md",
                "mode": "source",
                "source": false
              },
              "icon": "lucide-file",
              "title": "Freaking Computer - Unknown"
            }
          },
          {
            "id": "67398252a0c1d73c",
            "type": "leaf",
            "state": {
              "type": "markdown",
              "state": {
                "file": "Crabs on Security - Unknown.md",
                "mode": "source",
                "source": false
              },
              "icon": "lucide-file",
              "title": "Crabs on Security - Unknown"
            }
          }
        ],
        "currentTab": 2
      },
      {
        "id": "d9beadc4af9fd038",
        "type": "tabs",
        "children": [
          {
            "id": "9ddbf47d2bffe965",
            "type": "leaf",
            "state": {
              "type": "graph",
              "state": {},
              "icon": "lucide-git-fork",
              "title": "Graph view"
            }
          }
        ]
      }
    ],
    "direction": "vertical"
  },
  "left": {
    "id": "0e5c81ca52526c64",
    "type": "split",
    "children": [
      {
        "id": "0960b730d88b9a44",
        "type": "tabs",
        "children": [
          {
            "id": "36caae059ae715c0",
            "type": "leaf",
            "state": {
              "type": "file-explorer",
              "state": {
                "sortOrder": "alphabetical",
                "autoReveal": false
              },
              "icon": "lucide-folder-closed",
              "title": "Files"
            }
          },
          {
            "id": "79a35e70e188c6f9",
            "type": "leaf",
            "state": {
              "type": "search",
              "state": {
                "query": "",
                "matchingCase": false,
                "explainSearch": false,
                "collapseAll": false,
                "extraContext": false,
                "sortOrder": "alphabetical"
              },
              "icon": "lucide-search",
              "title": "Search"
            }
          },
          {
            "id": "b36215e1e7c95d2c",
            "type": "leaf",
            "state": {
              "type": "bookmarks",
              "state": {},
              "icon": "lucide-bookmark",
              "title": "Bookmarks"
            }
          }
        ]
      }
    ],
    "direction": "horizontal",
    "width": 300
  },
  "right": {
    "id": "c16f19d2c1b131cd",
    "type": "split",
    "children": [
      {
        "id": "f5f72dcb8b5a0cab",
        "type": "tabs",
        "children": [
          {
            "id": "f8ab7cce28064425",
            "type": "leaf",
            "state": {
              "type": "backlink",
              "state": {
                "file": "Crabs on Security - Unknown.md",
                "collapseAll": false,
                "extraContext": false,
                "sortOrder": "alphabetical",
                "showSearch": false,
                "searchQuery": "",
                "backlinkCollapsed": false,
                "unlinkedCollapsed": true
              },
              "icon": "links-coming-in",
              "title": "Backlinks for Crabs on Security - Unknown"
            }
          },
          {
            "id": "5739f02c2689bbdd",
            "type": "leaf",
            "state": {
              "type": "outgoing-link",
              "state": {
                "file": "Crabs on Security - Unknown.md",
                "linksCollapsed": false,
                "unlinkedCollapsed": true
              },
              "icon": "links-going-out",
              "title": "Outgoing links from Crabs on Security - Unknown"
            }
          },
          {
            "id": "67a916ff45e0f0be",
            "type": "leaf",
            "state": {
              "type": "tag",
              "state": {
                "sortOrder": "frequency",
                "useHierarchy": true,
                "showSearch": false,
                "searchQuery": ""
              },
              "icon": "lucide-tags",
              "title": "Tags"
            }
          },
          {
            "id": "18ad71240c87699a",
            "type": "leaf",
            "state": {
              "type": "outline",
              "state": {
                "file": "Crabs on Security - Unknown.md",
                "followCursor": false,
                "showSearch": false,
                "searchQuery": ""
              },
              "icon": "lucide-list",
              "title": "Outline of Crabs on Security - Unknown"
            }
          }
        ]
      }
    ],
    "direction": "horizontal",
    "width": 300,
    "collapsed": true
  },
  "left-ribbon": {
    "hiddenItems": {
      "switcher:Open quick switcher": false,
      "graph:Open graph view": false,
      "canvas:Create new canvas": false,
      "daily-notes:Open today's daily note": false,
      "templates:Insert template": false,
      "command-palette:Open command palette": false,
      "bases:Create new base": false
    }
  },
  "active": "67398252a0c1d73c",
  "lastOpenFiles": [
    "Freaking Computer - Unknown.md",
    "Crabs on Security - Unknown.md",
    "Version3 - Unknown.md",
    "Welcome.md"
  ]
}