{
  "main": {
    "id": "93399cc74509c100",
    "type": "split",
    "children": [
      {
        "id": "0e7513b971a9d9c2",
        "type": "tabs",
        "children": [
          {
            "id": "b8d19d57193b7ccf",
            "type": "leaf",
            "state": {
              "type": "markdown",
              "state": {
                "file": "Version3 - Unknown.md",
                "mode": "source",
                "source": false
              },
              "icon": "lucide-file",
              "title": "Version3 - Unknown"
            }
          },
          {
            "id": "f8320a61f01dbced",
            "type": "leaf",
            "state": {
              "type": "markdown",
              "state": {
                "file": "Freaking Computer - Unknown.md",
                "mode": "source",
                "source": false
              },
              "icon": "lucide-file",
              "title": "Freaking Computer - Unknown"
            }
          },
          {
            "id": "1faf4f05a7d0fe34",
            "type": "leaf",
            "state": {
              "type": "markdown",
              "state": {
                "file": "Crabs on Security - Unknown.md",
                "mode": "source",
                "source": false
              },
              "icon": "lucide-file",
              "title": "Crabs on Security - Unknown"
            }
          }
        ],
        "currentTab": 2
      },
      {
        "id": "6ac015dbaa64c383",
        "type": "tabs",
        "children": [
          {
            "id": "c32133d418cbc238",
            "type": "leaf",
            "state": {
              "type": "graph",
              "state": {},
              "icon": "lucide-git-fork",
              "title": "Graph view"
            }
          }
        ]
      }
    ],
    "direction": "vertical"
  },
  "left": {
    "id": "3901c74b6ae9e161",
    "type": "split",
    "children": [
      {
        "id": "b4b7ea14db4e188a",
        "type": "tabs",
        "children": [
          {
            "id": "b7c9eb7e7ad46c8e",
            "type": "leaf",
            "state": {
              "type": "file-explorer",
              "state": {
                "sortOrder": "alphabetical",
                "autoReveal": false
              },
              "icon": "lucide-folder-closed",
              "title": "Files"
            }
          },
          {
            "id": "d970eaad890e3c40",
            "type": "leaf",
            "state": {
              "type": "search",
              "state": {
                "query": "",
                "matchingCase": false,
                "explainSearch": false,
                "collapseAll": false,
                "extraContext": false,
                "sortOrder": "alphabetical"
              },
              "icon": "lucide-search",
              "title": "Search"
            }
          },
          {
            "id": "446630796695466b",
            "type": "leaf",
            "state": {
              "type": "bookmarks",
              "state": {},
              "icon": "lucide-bookmark",
              "title": "Bookmarks"
            }
          }
        ]
      }
    ],
    "direction": "horizontal",
    "width": 300
  },
  "right": {
    "id": "c62c31f45a453b23",
    "type": "split",
    "children": [
      {
        "id": "5857ae4a773f36d2",
        "type": "tabs",
        "children": [
          {
            "id": "e852ae948d57a8cc",
            "type": "leaf",
            "state": {
              "type": "backlink",
              "state": {
                "file": "Crabs on Security - Unknown.md",
                "collapseAll": false,
                "extraContext": false,
                "sortOrder": "alphabetical",
                "showSearch": false,
                "searchQuery": "",
                "backlinkCollapsed": false,
                "unlinkedCollapsed": true
              },
              "icon": "links-coming-in",
              "title": "Backlinks for Crabs on Security - Unknown"
            }
          },
          {
            "id": "9f059c4cf6efbee7",
            "type": "leaf",
            "state": {
              "type": "outgoing-link",
              "state": {
                "file": "Crabs on Security - Unknown.md",
                "linksCollapsed": false,
                "unlinkedCollapsed": true
              },
              "icon": "links-going-out",
              "title": "Outgoing links from Crabs on Security - Unknown"
            }
          },
          {
            "id": "5d9be6e342cf2a81",
            "type": "leaf",
            "state": {
              "type": "tag",
              "state": {
                "sortOrder": "frequency",
                "useHierarchy": true,
                "showSearch": false,
                "searchQuery": ""
              },
              "icon": "lucide-tags",
              "title": "Tags"
            }
          },
          {
            "id": "75b382635a2c5327",
            "type": "leaf",
            "state": {
              "type": "outline",
              "state": {
                "file": "Crabs on Security - Unknown.md",
                "followCursor": false,
                "showSearch": false,
                "searchQuery": ""
              },
              "icon": "lucide-list",
              "title": "Outline of Crabs on Security - Unknown"
            }
          }
        ]
      }
    ],
    "direction": "horizontal",
    "width": 300,
    "collapsed": true
  },
  "left-ribbon": {
    "hiddenItems": {
      "switcher:Open quick switcher": false,
      "graph:Open graph view": false,
      "canvas:Create new canvas": false,
      "daily-notes:Open today's daily note": false,
      "templates:Insert template": false,
      "command-palette:Open command palette": false,
      "bases:Create new base": false
    }
  },
  "active": "1faf4f05a7d0fe34",
  "lastOpenFiles": [
    "Freaking Computer - Unknown.md",
    "Crabs on Security - Unknown.md",
    "Version3 - Unknown.md",
    "Welcome.md"
  ]
}